-- phpMyAdmin SQL Dump
-- version 5.2.1
-- https://www.phpmyadmin.net/
--
-- Hôte : 127.0.0.1
-- Généré le : lun. 22 jan. 2024 à 20:11
-- Version du serveur : 10.4.32-MariaDB
-- Version de PHP : 8.0.30

SET SQL_MODE = "NO_AUTO_VALUE_ON_ZERO";
START TRANSACTION;
SET time_zone = "+00:00";


/*!40101 SET @OLD_CHARACTER_SET_CLIENT=@@CHARACTER_SET_CLIENT */;
/*!40101 SET @OLD_CHARACTER_SET_RESULTS=@@CHARACTER_SET_RESULTS */;
/*!40101 SET @OLD_COLLATION_CONNECTION=@@COLLATION_CONNECTION */;
/*!40101 SET NAMES utf8mb4 */;

--
-- Base de données : `db1`
--

-- --------------------------------------------------------

--
-- Structure de la table `affectation_module_groupe_teacher`
--

CREATE TABLE `affectation_module_groupe_teacher` (
  `id` bigint(20) NOT NULL,
  `enseignant_id` bigint(20) DEFAULT NULL,
  `groupe_id` bigint(20) DEFAULT NULL,
  `module_id` bigint(20) DEFAULT NULL
) ENGINE=InnoDB DEFAULT CHARSET=utf8mb4 COLLATE=utf8mb4_general_ci;

-- --------------------------------------------------------

--
-- Structure de la table `classe`
--

CREATE TABLE `classe` (
  `id` bigint(20) NOT NULL,
  `libelle` varchar(255) DEFAULT NULL,
  `nbr_eleves` int(11) NOT NULL,
  `filiere_id` bigint(20) DEFAULT NULL,
  `semestre_id` bigint(20) DEFAULT NULL
) ENGINE=InnoDB DEFAULT CHARSET=utf8mb4 COLLATE=utf8mb4_general_ci;

--
-- Déchargement des données de la table `classe`
--

INSERT INTO `classe` (`id`, `libelle`, `nbr_eleves`, `filiere_id`, `semestre_id`) VALUES
(3, '2ITE1', 30, 1, NULL),
(4, '2ITE2', 30, 1, NULL),
(5, '2ITE3', 30, 1, NULL),
(6, 'ISIC1', 30, 2, NULL),
(7, 'ISIC2', 30, 2, NULL),
(8, 'ISIC3', 30, 2, NULL);

-- --------------------------------------------------------

--
-- Structure de la table `criteria`
--

CREATE TABLE `criteria` (
  `id` bigint(20) NOT NULL,
  `equipment` varchar(255) DEFAULT NULL,
  `infrastructure` varchar(255) DEFAULT NULL,
  `learning_space` varchar(255) DEFAULT NULL,
  `preference` varchar(255) DEFAULT NULL,
  `etudiant_id` bigint(20) DEFAULT NULL
) ENGINE=InnoDB DEFAULT CHARSET=utf8mb4 COLLATE=utf8mb4_general_ci;

--
-- Déchargement des données de la table `criteria`
--

INSERT INTO `criteria` (`id`, `equipment`, `infrastructure`, `learning_space`, `preference`, `etudiant_id`) VALUES
(1, 'Yes', 'Yes', 'Yes', 'Hybride', 27),
(2, 'No', 'No', 'No', 'On site', 26),
(3, 'No', 'Yes', 'Yes', 'On site', 28);

-- --------------------------------------------------------

--
-- Structure de la table `filiere`
--

CREATE TABLE `filiere` (
  `id` bigint(20) NOT NULL,
  `chef_filiere` varchar(255) DEFAULT NULL,
  `departement` varchar(255) DEFAULT NULL,
  `libelle` varchar(255) DEFAULT NULL,
  `nombre_sem` int(11) NOT NULL
) ENGINE=InnoDB DEFAULT CHARSET=utf8mb4 COLLATE=utf8mb4_general_ci;

--
-- Déchargement des données de la table `filiere`
--

INSERT INTO `filiere` (`id`, `chef_filiere`, `departement`, `libelle`, `nombre_sem`) VALUES
(1, 'FERTATe', 'TRI', '2ITE', 6),
(2, 'DAHBI', 'TRI', 'ISIC', 6);

-- --------------------------------------------------------

--
-- Structure de la table `groupe`
--

CREATE TABLE `groupe` (
  `id` bigint(20) NOT NULL,
  `libelle` varchar(255) DEFAULT NULL,
  `classe_id` bigint(20) DEFAULT NULL
) ENGINE=InnoDB DEFAULT CHARSET=utf8mb4 COLLATE=utf8mb4_general_ci;

--
-- Déchargement des données de la table `groupe`
--

INSERT INTO `groupe` (`id`, `libelle`, `classe_id`) VALUES
(13, 'gr1', 5),
(14, 'gr1', 4),
(16, 'gr1', 3),
(17, 'gr1', 4),
(18, 'gr1', 6),
(19, 'gr1', 7),
(20, 'gr1', 8);

-- --------------------------------------------------------

--
-- Structure de la table `module`
--

CREATE TABLE `module` (
  `id` bigint(20) NOT NULL,
  `libelle` varchar(255) DEFAULT NULL,
  `nbr_evaluation` int(11) NOT NULL,
  `nbrtd` int(11) NOT NULL,
  `nbrtp` int(11) NOT NULL,
  `semestre` varchar(255) DEFAULT NULL,
  `volume_horaire_on_remote` int(11) NOT NULL,
  `volume_horaire_onsite` int(11) NOT NULL,
  `classe_id` bigint(20) DEFAULT NULL,
  `enseignant_id` bigint(20) DEFAULT NULL,
  `filiere_id` bigint(20) DEFAULT NULL,
  `edited` bit(1) NOT NULL,
  `mode` varchar(255) DEFAULT NULL
) ENGINE=InnoDB DEFAULT CHARSET=utf8mb4 COLLATE=utf8mb4_general_ci;

--
-- Déchargement des données de la table `module`
--

INSERT INTO `module` (`id`, `libelle`, `nbr_evaluation`, `nbrtd`, `nbrtp`, `semestre`, `volume_horaire_on_remote`, `volume_horaire_onsite`, `classe_id`, `enseignant_id`, `filiere_id`, `edited`, `mode`) VALUES
(2, 'encadrement', 2, 1, 2, 'S1', 12, 0, 5, 2, 1, b'0', 'Remote'),
(3, 'devops', 2, 1, 2, 'S1', 6, 6, 5, 3, 1, b'0', 'Hybride'),
(5, 'microservices', 2, 1, 2, 'S1', 6, 6, 5, 8, 1, b'0', 'Hybride'),
(6, 'big data', 2, 1, 2, 'S1', 0, 12, 5, 4, 1, b'0', 'On site'),
(7, 'data science', 2, 1, 2, 'S1', 0, 12, 5, 5, 1, b'0', 'On site'),
(8, 'securite big data', 2, 1, 2, 'S1', 6, 6, 5, 5, 1, b'0', 'Hybride'),
(9, 'assurance qa', 2, 1, 2, 'S1', 6, 6, 5, 6, 1, b'0', 'Hybride'),
(10, 'recherche sc', 2, 1, 2, 'S1', 12, 0, 5, 9, 1, b'0', 'Remote'),
(11, 'mobile', 2, 1, 2, 'S1', 6, 6, 4, 2, 1, b'0', 'Hybride'),
(12, 'gestion bd', 2, 1, 2, 'S1', 6, 6, 4, 6, 1, b'0', 'Hybride'),
(13, 'java ee', 2, 1, 2, 'S1', 6, 6, 4, 2, 1, b'0', 'Hybride'),
(14, 'management', 2, 1, 2, 'S1', 6, 6, 4, 6, 1, b'0', 'Hybride'),
(15, 'bi', 2, 1, 2, 'S1', 6, 6, 4, 9, 1, b'0', 'On site'),
(16, 'cloud', 2, 1, 2, 'S1', 6, 6, 4, 32, 1, b'0', 'Hybride'),
(17, 'ai', 2, 1, 2, 'S1', 6, 6, 4, 5, 1, b'0', 'On site'),
(18, 'lc', 2, 1, 2, 'S1', 6, 6, 4, 31, 1, b'0', 'Remote'),
(21, 'python', 2, 1, 2, 'S1', 6, 6, 3, 4, 1, b'0', 'Hybride'),
(22, 'lan wlan', 2, 1, 2, 'S1', 6, 6, 3, 4, 1, b'0', 'Hybride'),
(24, 'lunix', 2, 1, 2, 'S1', 6, 6, 3, 8, 1, b'0', 'Hybride'),
(25, 'uml', 2, 1, 2, 'S1', 6, 6, 3, 32, 1, b'0', 'Hybride'),
(27, 'th des graph', 2, 1, 2, 'S1', 6, 6, 3, 31, 1, b'0', 'Hybride'),
(28, 'sql', 2, 1, 2, 'S1', 6, 6, 3, 9, 1, b'0', 'Hybride'),
(29, 'archi', 2, 1, 2, 'S1', 6, 6, 3, 8, 1, b'0', 'Hybride'),
(31, 'lc', 2, 1, 2, 'S1', 6, 6, 3, 31, 1, b'0', 'Hybride'),
(58, 'RC emploie', 2, 0, 0, 'S1', 14, 0, 5, 32, 1, b'0', 'Remote'),
(59, 'test', 2, 2, 2, 'S2', 0, 12, 7, 8, 2, b'0', 'On site'),
(60, 'NLPS', 2, 2, 2, 'S1', 12, 0, 5, 4, 1, b'0', 'Remote'),
(61, 'Deep learning', 2, 2, 2, 'S1', 12, 0, 5, 5, 1, b'0', 'Remote'),
(62, 'MLOPS', 2, 2, 2, 'S1', 0, 12, 5, 5, 1, b'0', 'On site'),
(63, 'blockchaine', 2, 2, 2, 'S1', 12, 0, 5, 8, 1, b'0', 'Remote'),
(64, 'techno web', 2, 2, 2, 'S1', 0, 12, 3, 5, 1, b'0', 'On site'),
(65, 'statistiques', 2, 2, 2, 'S1', 0, 12, 3, 6, 1, b'0', 'On site'),
(66, 'projets', 2, 2, 2, 'S1', 0, 12, 3, 8, 1, b'0', 'On site'),
(67, 'Intro to DS', 1, 2, 2, 'S1', 0, 12, 4, 32, 1, b'0', 'On site'),
(68, 'IHM', 2, 2, 2, 'S1', 12, 0, 4, 3, 1, b'0', 'Remote'),
(69, 'Analyse décisionnelle ', 2, 2, 2, 'S1', 6, 6, 4, 8, 1, b'0', 'Hybride');

-- --------------------------------------------------------

--
-- Structure de la table `non_disponibilite`
--

CREATE TABLE `non_disponibilite` (
  `id` bigint(20) NOT NULL,
  `jour` varchar(255) DEFAULT NULL,
  `periode` smallint(6) DEFAULT NULL,
  `enseignant_id` bigint(20) DEFAULT NULL
) ENGINE=InnoDB DEFAULT CHARSET=utf8mb4 COLLATE=utf8mb4_general_ci;

-- --------------------------------------------------------

--
-- Structure de la table `person`
--

CREATE TABLE `person` (
  `role` varchar(10) NOT NULL,
  `id` bigint(20) NOT NULL,
  `civilite` varchar(255) DEFAULT NULL,
  `cne` varchar(255) DEFAULT NULL,
  `email` varchar(255) DEFAULT NULL,
  `is_authentificated` tinyint(1) DEFAULT 0,
  `login` varchar(255) DEFAULT NULL,
  `nom` varchar(255) DEFAULT NULL,
  `password` varchar(255) DEFAULT NULL,
  `prenom` varchar(255) DEFAULT NULL,
  `tel` varchar(255) DEFAULT NULL,
  `admin_type` varchar(255) DEFAULT NULL,
  `specialite` varchar(255) DEFAULT NULL,
  `classe_id` bigint(20) DEFAULT NULL,
  `groupe_id` bigint(20) DEFAULT NULL
) ENGINE=InnoDB DEFAULT CHARSET=utf8mb4 COLLATE=utf8mb4_general_ci;

--
-- Déchargement des données de la table `person`
--

INSERT INTO `person` (`role`, `id`, `civilite`, `cne`, `email`, `is_authentificated`, `login`, `nom`, `password`, `prenom`, `tel`, `admin_type`, `specialite`, `classe_id`, `groupe_id`) VALUES
('ADMIN', 1, 'M', '555', 'admin@admin.com', 0, 'admin@admin', 'Admin', 'admin@admin', 'Admin', '0600000000', 'SUPER_ADMIN', NULL, NULL, NULL),
('PROF', 2, 'M', 'lkjhgd', 'm.Profesor1@gmail.com', 0, 'Profesor1', 'Profesor1', 'Profesor1', 'mohamed', '0987654', NULL, 'dev', NULL, NULL),
('PROF', 3, 'Monsieur', 'ee', 'email1@example.com', 0, 'Profesor2', 'Profesor2', 'Profesor2', 'Profesor2', '123456789', NULL, 'Specialty1', NULL, NULL),
('PROF', 4, 'Monsieur', 'rrr', 'email2@example.com', 0, 'Profesor3', 'Profesor3', 'Profesor3', 'Profesor3', '123456789', NULL, 'Specialty2', NULL, NULL),
('PROF', 5, 'Monsieur', 'ttt', 'smith@example.com', 0, 'Profesor4', 'Profesor4', 'Profesor4', 'Profesor4', '555-123-4567', NULL, 'Specialty4', NULL, NULL),
('PROF', 6, 'Monsieur', 'yyy', 'email3@example.com', 0, 'Profesor5', 'Profesor5', 'Profesor5', 'Profesor5', '123456789', NULL, 'Specialty3', NULL, NULL),
('PROF', 8, 'Monsieur', 'ii', 'emily@example.com', 0, 'Profesor6', 'Profesor6', 'Profesor6', 'Profesor6', '555-555-5555', NULL, 'Specialty6', NULL, NULL),
('PROF', 9, 'Monsieur', 'uuu', 'alex@example.com', 0, 'Profesor7', 'Profesor7', 'Profesor7', 'Profesor7', '555-369-2580', NULL, 'Specialty7', NULL, NULL),
('Etudiant', 26, 'M', 'ghjk', 'o@h.com', 0, 'oussama', 'hayo', 'oussama', 'oussama', 'fghj', NULL, NULL, 5, 13),
('Etudiant', 27, 'M', 'dfghjk', 're@g.com', 0, 'reda', 'makaoui', 'reda', 'reda', '4567890', NULL, NULL, 5, 13),
('Etudiant', 28, 'M', 'dfghj', 'edddd@ddddd.com', 0, 'elhadi', 'refk', 'elhadi', 'elhadiiiiiii', '9876545678', NULL, NULL, 5, 13),
('PROF', 31, 'Mr', 'L76543', 'Profesor8@gmail.com', 0, 'Profesor8', 'Profesor8', 'Profesor8', 'Profesor8', '23456789', NULL, 'Specialty8', NULL, NULL),
('PROF', 32, 'Mr', 'l345', 'l@gmail.com', 0, 'Profesor9', 'Profesor9', 'Profesor9', 'Profesor9', '2345678', NULL, 'Specialty9', NULL, NULL);

-- --------------------------------------------------------

--
-- Structure de la table `salle`
--

CREATE TABLE `salle` (
  `id` bigint(20) NOT NULL,
  `bloc` varchar(255) DEFAULT NULL,
  `capacite` int(11) NOT NULL,
  `num_salle` int(11) NOT NULL,
  `type_salle` varchar(255) DEFAULT NULL
) ENGINE=InnoDB DEFAULT CHARSET=utf8mb4 COLLATE=utf8mb4_general_ci;

--
-- Déchargement des données de la table `salle`
--

INSERT INTO `salle` (`id`, `bloc`, `capacite`, `num_salle`, `type_salle`) VALUES
(1, 'A', 33, 0, 'Simple'),
(2, 'B', 33, 0, 'Simple'),
(3, 'C', 55, 0, 'Simple'),
(4, 'C', 23, 23, 'Simple'),
(5, 'B', 33, 24, 'Tps');

-- --------------------------------------------------------

--
-- Structure de la table `semestre`
--

CREATE TABLE `semestre` (
  `id` bigint(20) NOT NULL,
  `annee_univ` varchar(255) DEFAULT NULL,
  `date_debut` date DEFAULT NULL,
  `date_fin` date DEFAULT NULL,
  `num` varchar(255) DEFAULT NULL
) ENGINE=InnoDB DEFAULT CHARSET=utf8mb4 COLLATE=utf8mb4_general_ci;

-- --------------------------------------------------------

--
-- Structure de la table `session`
--

CREATE TABLE `session` (
  `id` bigint(20) NOT NULL,
  `mode` varchar(255) DEFAULT NULL,
  `enseignant_id` bigint(20) DEFAULT NULL,
  `etudiant_id` bigint(20) DEFAULT NULL,
  `module_id` bigint(20) DEFAULT NULL
) ENGINE=InnoDB DEFAULT CHARSET=utf8mb4 COLLATE=utf8mb4_general_ci;

--
-- Déchargement des données de la table `session`
--

INSERT INTO `session` (`id`, `mode`, `enseignant_id`, `etudiant_id`, `module_id`) VALUES
(1, 'Remote', 2, 27, 2),
(2, 'On site', 2, 26, 2),
(3, 'Remote', 2, 28, 2),
(4, 'Hybride', 3, 27, 3),
(5, 'On site', 3, 26, 3),
(6, 'Hybride', 3, 28, 3),
(7, 'On site', 4, 27, 6),
(8, 'On site', 4, 26, 6),
(9, 'On site', 4, 28, 6),
(10, 'Remote', 4, 27, 60),
(11, 'On site', 4, 26, 60),
(12, 'Remote', 4, 28, 60),
(13, 'On site', 5, 27, 7),
(14, 'On site', 5, 26, 7),
(15, 'On site', 5, 28, 7),
(16, 'Hybride', 5, 27, 8),
(17, 'On site', 5, 26, 8),
(18, 'Hybride', 5, 28, 8),
(19, 'Remote', 5, 27, 61),
(20, 'On site', 5, 26, 61),
(21, 'Remote', 5, 28, 61),
(22, 'On site', 5, 27, 62),
(23, 'On site', 5, 26, 62),
(24, 'On site', 5, 28, 62),
(25, 'Hybride', 6, 27, 9),
(26, 'On site', 6, 26, 9),
(27, 'Hybride', 6, 28, 9),
(28, 'Hybride', 8, 27, 5),
(29, 'On site', 8, 26, 5),
(30, 'Hybride', 8, 28, 5),
(31, 'Remote', 8, 27, 63),
(32, 'On site', 8, 26, 63),
(33, 'Remote', 8, 28, 63),
(34, 'Remote', 9, 27, 10),
(35, 'On site', 9, 26, 10),
(36, 'Remote', 9, 28, 10),
(37, 'Remote', 32, 27, 58),
(38, 'On site', 32, 26, 58),
(39, 'Remote', 32, 28, 58);

-- --------------------------------------------------------

--
-- Structure de la table `timeslot_module_salle`
--

CREATE TABLE `timeslot_module_salle` (
  `id` bigint(20) NOT NULL,
  `salle` varchar(255) DEFAULT NULL,
  `timeslot` varchar(255) DEFAULT NULL,
  `module_id` bigint(20) DEFAULT NULL,
  `color` varchar(255) DEFAULT NULL,
  `day` varchar(255) DEFAULT NULL,
  `end_time` varchar(255) DEFAULT NULL,
  `start_time` varchar(255) DEFAULT NULL
) ENGINE=InnoDB DEFAULT CHARSET=utf8mb4 COLLATE=utf8mb4_general_ci;

--
-- Déchargement des données de la table `timeslot_module_salle`
--

INSERT INTO `timeslot_module_salle` (`id`, `salle`, `timeslot`, `module_id`, `color`, `day`, `end_time`, `start_time`) VALUES
(1, 'B0', NULL, 2, NULL, '2023-09-05T10:30:00', '12:00:00', '10:30:00'),
(2, 'B0', NULL, 2, '#8EACCD', '2023-09-12T10:30:00', '12:00:00', '10:30:00'),
(3, 'B0', NULL, 2, NULL, '2023-09-19T10:30:00', '12:00:00', '10:30:00'),
(4, 'B0', NULL, 2, '#8EACCD', '2023-09-26T10:30:00', '12:00:00', '10:30:00'),
(5, 'B0', NULL, 2, NULL, '2023-10-03T10:30:00', '12:00:00', '10:30:00'),
(6, 'B0', NULL, 2, '#8EACCD', '2023-10-10T10:30:00', '12:00:00', '10:30:00'),
(7, 'B0', NULL, 2, '#8EACCD', '2023-10-17T10:30:00', '12:00:00', '10:30:00'),
(8, 'B0', NULL, 2, NULL, '2023-10-24T10:30:00', '12:00:00', '10:30:00'),
(9, 'B0', NULL, 2, NULL, '2023-10-31T10:30:00', '12:00:00', '10:30:00'),
(10, 'B0', NULL, 2, NULL, '2023-11-07T10:30:00', '12:00:00', '10:30:00'),
(11, 'B0', NULL, 2, NULL, '2023-11-14T10:30:00', '12:00:00', '10:30:00'),
(12, 'B0', NULL, 2, NULL, '2023-11-21T10:30:00', '12:00:00', '10:30:00'),
(13, 'B0', NULL, 2, NULL, '2023-11-28T10:30:00', '12:00:00', '10:30:00'),
(14, 'B0', NULL, 2, NULL, '2023-12-05T10:30:00', '12:00:00', '10:30:00'),
(15, 'B0', NULL, 2, '#CD8D7A', '2023-12-12T10:30:00', '12:00:00', '10:30:00'),
(16, 'B0', NULL, 2, '#CD8D7A', '2023-12-19T10:30:00', '12:00:00', '10:30:00'),
(17, 'B0', NULL, 3, NULL, '2023-09-05T08:30:00', '10:00:00', '08:30:00'),
(18, 'B0', NULL, 3, '#8EACCD', '2023-09-12T08:30:00', '10:00:00', '08:30:00'),
(19, 'B0', NULL, 3, NULL, '2023-09-19T08:30:00', '10:00:00', '08:30:00'),
(20, 'B0', NULL, 3, '#8EACCD', '2023-09-26T08:30:00', '10:00:00', '08:30:00'),
(21, 'B0', NULL, 3, NULL, '2023-10-03T08:30:00', '10:00:00', '08:30:00'),
(22, 'B0', NULL, 3, '#8EACCD', '2023-10-10T08:30:00', '10:00:00', '08:30:00'),
(23, 'B0', NULL, 3, '#8EACCD', '2023-10-17T08:30:00', '10:00:00', '08:30:00'),
(24, 'B0', NULL, 3, NULL, '2023-10-24T08:30:00', '10:00:00', '08:30:00'),
(25, 'B0', NULL, 3, NULL, '2023-10-31T08:30:00', '10:00:00', '08:30:00'),
(26, 'B0', NULL, 3, NULL, '2023-11-07T08:30:00', '10:00:00', '08:30:00'),
(27, 'B0', NULL, 3, NULL, '2023-11-14T08:30:00', '10:00:00', '08:30:00'),
(28, 'B0', NULL, 3, NULL, '2023-11-21T08:30:00', '10:00:00', '08:30:00'),
(29, 'B0', NULL, 3, NULL, '2023-11-28T08:30:00', '10:00:00', '08:30:00'),
(30, 'B0', NULL, 3, NULL, '2023-12-05T08:30:00', '10:00:00', '08:30:00'),
(31, 'B0', NULL, 3, '#CD8D7A', '2023-12-12T08:30:00', '10:00:00', '08:30:00'),
(32, 'B0', NULL, 3, '#CD8D7A', '2023-12-19T08:30:00', '10:00:00', '08:30:00'),
(33, 'A0', NULL, 5, NULL, '2023-09-06T10:30:00', '12:00:00', '10:30:00'),
(34, 'A0', NULL, 5, '#8EACCD', '2023-09-13T10:30:00', '12:00:00', '10:30:00'),
(35, 'A0', NULL, 5, NULL, '2023-09-20T10:30:00', '12:00:00', '10:30:00'),
(36, 'A0', NULL, 5, '#8EACCD', '2023-09-27T10:30:00', '12:00:00', '10:30:00'),
(37, 'A0', NULL, 5, NULL, '2023-10-04T10:30:00', '12:00:00', '10:30:00'),
(38, 'A0', NULL, 5, '#8EACCD', '2023-10-11T10:30:00', '12:00:00', '10:30:00'),
(39, 'A0', NULL, 5, '#8EACCD', '2023-10-18T10:30:00', '12:00:00', '10:30:00'),
(40, 'A0', NULL, 5, NULL, '2023-10-25T10:30:00', '12:00:00', '10:30:00'),
(41, 'A0', NULL, 5, NULL, '2023-11-01T10:30:00', '12:00:00', '10:30:00'),
(42, 'A0', NULL, 5, NULL, '2023-11-08T10:30:00', '12:00:00', '10:30:00'),
(43, 'A0', NULL, 5, NULL, '2023-11-15T10:30:00', '12:00:00', '10:30:00'),
(44, 'A0', NULL, 5, NULL, '2023-11-22T10:30:00', '12:00:00', '10:30:00'),
(45, 'A0', NULL, 5, NULL, '2023-11-29T10:30:00', '12:00:00', '10:30:00'),
(46, 'A0', NULL, 5, NULL, '2023-12-06T10:30:00', '12:00:00', '10:30:00'),
(47, 'A0', NULL, 5, '#CD8D7A', '2023-12-13T10:30:00', '12:00:00', '10:30:00'),
(48, 'A0', NULL, 5, '#CD8D7A', '2023-12-20T10:30:00', '12:00:00', '10:30:00'),
(49, 'B0', NULL, 6, NULL, '2023-09-06T13:30:00', '15:00:00', '13:30:00'),
(50, 'B0', NULL, 6, '#8EACCD', '2023-09-13T13:30:00', '15:00:00', '13:30:00'),
(51, 'B0', NULL, 6, NULL, '2023-09-20T13:30:00', '15:00:00', '13:30:00'),
(52, 'B0', NULL, 6, '#8EACCD', '2023-09-27T13:30:00', '15:00:00', '13:30:00'),
(53, 'B0', NULL, 6, NULL, '2023-10-04T13:30:00', '15:00:00', '13:30:00'),
(54, 'B0', NULL, 6, '#8EACCD', '2023-10-11T13:30:00', '15:00:00', '13:30:00'),
(55, 'B0', NULL, 6, '#8EACCD', '2023-10-18T13:30:00', '15:00:00', '13:30:00'),
(56, 'B0', NULL, 6, NULL, '2023-10-25T13:30:00', '15:00:00', '13:30:00'),
(57, 'B0', NULL, 6, NULL, '2023-11-01T13:30:00', '15:00:00', '13:30:00'),
(58, 'B0', NULL, 6, NULL, '2023-11-08T13:30:00', '15:00:00', '13:30:00'),
(59, 'B0', NULL, 6, NULL, '2023-11-15T13:30:00', '15:00:00', '13:30:00'),
(60, 'B0', NULL, 6, NULL, '2023-11-22T13:30:00', '15:00:00', '13:30:00'),
(61, 'B0', NULL, 6, NULL, '2023-11-29T13:30:00', '15:00:00', '13:30:00'),
(62, 'B0', NULL, 6, NULL, '2023-12-06T13:30:00', '15:00:00', '13:30:00'),
(63, 'B0', NULL, 6, '#CD8D7A', '2023-12-13T13:30:00', '15:00:00', '13:30:00'),
(64, 'B0', NULL, 6, '#CD8D7A', '2023-12-20T13:30:00', '15:00:00', '13:30:00'),
(65, 'B0', NULL, 7, NULL, '2023-09-04T15:30:00', '17:00:00', '15:30:00'),
(66, 'B0', NULL, 7, '#8EACCD', '2023-09-11T15:30:00', '17:00:00', '15:30:00'),
(67, 'B0', NULL, 7, NULL, '2023-09-18T15:30:00', '17:00:00', '15:30:00'),
(68, 'B0', NULL, 7, '#8EACCD', '2023-09-25T15:30:00', '17:00:00', '15:30:00'),
(69, 'B0', NULL, 7, NULL, '2023-10-02T15:30:00', '17:00:00', '15:30:00'),
(70, 'B0', NULL, 7, '#8EACCD', '2023-10-09T15:30:00', '17:00:00', '15:30:00'),
(71, 'B0', NULL, 7, '#8EACCD', '2023-10-16T15:30:00', '17:00:00', '15:30:00'),
(72, 'B0', NULL, 7, NULL, '2023-10-23T15:30:00', '17:00:00', '15:30:00'),
(73, 'B0', NULL, 7, NULL, '2023-10-30T15:30:00', '17:00:00', '15:30:00'),
(74, 'B0', NULL, 7, NULL, '2023-11-06T15:30:00', '17:00:00', '15:30:00'),
(75, 'B0', NULL, 7, NULL, '2023-11-13T15:30:00', '17:00:00', '15:30:00'),
(76, 'B0', NULL, 7, NULL, '2023-11-20T15:30:00', '17:00:00', '15:30:00'),
(77, 'B0', NULL, 7, NULL, '2023-11-27T15:30:00', '17:00:00', '15:30:00'),
(78, 'B0', NULL, 7, NULL, '2023-12-04T15:30:00', '17:00:00', '15:30:00'),
(79, 'B0', NULL, 7, '#CD8D7A', '2023-12-11T15:30:00', '17:00:00', '15:30:00'),
(80, 'B0', NULL, 7, '#CD8D7A', '2023-12-18T15:30:00', '17:00:00', '15:30:00'),
(81, 'B0', NULL, 8, NULL, '2023-09-07T10:30:00', '12:00:00', '10:30:00'),
(82, 'B0', NULL, 8, '#8EACCD', '2023-09-14T10:30:00', '12:00:00', '10:30:00'),
(83, 'B0', NULL, 8, NULL, '2023-09-21T10:30:00', '12:00:00', '10:30:00'),
(84, 'B0', NULL, 8, '#8EACCD', '2023-09-28T10:30:00', '12:00:00', '10:30:00'),
(85, 'B0', NULL, 8, NULL, '2023-10-05T10:30:00', '12:00:00', '10:30:00'),
(86, 'B0', NULL, 8, '#8EACCD', '2023-10-12T10:30:00', '12:00:00', '10:30:00'),
(87, 'B0', NULL, 8, '#8EACCD', '2023-10-19T10:30:00', '12:00:00', '10:30:00'),
(88, 'B0', NULL, 8, NULL, '2023-10-26T10:30:00', '12:00:00', '10:30:00'),
(89, 'B0', NULL, 8, NULL, '2023-11-02T10:30:00', '12:00:00', '10:30:00'),
(90, 'B0', NULL, 8, NULL, '2023-11-09T10:30:00', '12:00:00', '10:30:00'),
(91, 'B0', NULL, 8, NULL, '2023-11-16T10:30:00', '12:00:00', '10:30:00'),
(92, 'B0', NULL, 8, NULL, '2023-11-23T10:30:00', '12:00:00', '10:30:00'),
(93, 'B0', NULL, 8, NULL, '2023-11-30T10:30:00', '12:00:00', '10:30:00'),
(94, 'B0', NULL, 8, NULL, '2023-12-07T10:30:00', '12:00:00', '10:30:00'),
(95, 'B0', NULL, 8, '#CD8D7A', '2023-12-14T10:30:00', '12:00:00', '10:30:00'),
(96, 'B0', NULL, 8, '#CD8D7A', '2023-12-21T10:30:00', '12:00:00', '10:30:00'),
(97, 'B0', NULL, 9, NULL, '2023-09-07T15:30:00', '17:00:00', '15:30:00'),
(98, 'B0', NULL, 9, '#8EACCD', '2023-09-14T15:30:00', '17:00:00', '15:30:00'),
(99, 'B0', NULL, 9, NULL, '2023-09-21T15:30:00', '17:00:00', '15:30:00'),
(100, 'B0', NULL, 9, '#8EACCD', '2023-09-28T15:30:00', '17:00:00', '15:30:00'),
(101, 'B0', NULL, 9, NULL, '2023-10-05T15:30:00', '17:00:00', '15:30:00'),
(102, 'B0', NULL, 9, '#8EACCD', '2023-10-12T15:30:00', '17:00:00', '15:30:00'),
(103, 'B0', NULL, 9, '#8EACCD', '2023-10-19T15:30:00', '17:00:00', '15:30:00'),
(104, 'B0', NULL, 9, NULL, '2023-10-26T15:30:00', '17:00:00', '15:30:00'),
(105, 'B0', NULL, 9, NULL, '2023-11-02T15:30:00', '17:00:00', '15:30:00'),
(106, 'B0', NULL, 9, NULL, '2023-11-09T15:30:00', '17:00:00', '15:30:00'),
(107, 'B0', NULL, 9, NULL, '2023-11-16T15:30:00', '17:00:00', '15:30:00'),
(108, 'B0', NULL, 9, NULL, '2023-11-23T15:30:00', '17:00:00', '15:30:00'),
(109, 'B0', NULL, 9, NULL, '2023-11-30T15:30:00', '17:00:00', '15:30:00'),
(110, 'B0', NULL, 9, NULL, '2023-12-07T15:30:00', '17:00:00', '15:30:00'),
(111, 'B0', NULL, 9, '#CD8D7A', '2023-12-14T15:30:00', '17:00:00', '15:30:00'),
(112, 'B0', NULL, 9, '#CD8D7A', '2023-12-21T15:30:00', '17:00:00', '15:30:00'),
(113, 'B0', NULL, 10, NULL, '2023-09-04T13:30:00', '15:00:00', '13:30:00'),
(114, 'B0', NULL, 10, '#8EACCD', '2023-09-11T13:30:00', '15:00:00', '13:30:00'),
(115, 'B0', NULL, 10, NULL, '2023-09-18T13:30:00', '15:00:00', '13:30:00'),
(116, 'B0', NULL, 10, '#8EACCD', '2023-09-25T13:30:00', '15:00:00', '13:30:00'),
(117, 'B0', NULL, 10, NULL, '2023-10-02T13:30:00', '15:00:00', '13:30:00'),
(118, 'B0', NULL, 10, '#8EACCD', '2023-10-09T13:30:00', '15:00:00', '13:30:00'),
(119, 'B0', NULL, 10, '#8EACCD', '2023-10-16T13:30:00', '15:00:00', '13:30:00'),
(120, 'B0', NULL, 10, NULL, '2023-10-23T13:30:00', '15:00:00', '13:30:00'),
(121, 'B0', NULL, 10, NULL, '2023-10-30T13:30:00', '15:00:00', '13:30:00'),
(122, 'B0', NULL, 10, NULL, '2023-11-06T13:30:00', '15:00:00', '13:30:00'),
(123, 'B0', NULL, 10, NULL, '2023-11-13T13:30:00', '15:00:00', '13:30:00'),
(124, 'B0', NULL, 10, NULL, '2023-11-20T13:30:00', '15:00:00', '13:30:00'),
(125, 'B0', NULL, 10, NULL, '2023-11-27T13:30:00', '15:00:00', '13:30:00'),
(126, 'B0', NULL, 10, NULL, '2023-12-04T13:30:00', '15:00:00', '13:30:00'),
(127, 'B0', NULL, 10, '#CD8D7A', '2023-12-11T13:30:00', '15:00:00', '13:30:00'),
(128, 'B0', NULL, 10, '#CD8D7A', '2023-12-18T13:30:00', '15:00:00', '13:30:00'),
(129, 'B0', NULL, 11, NULL, '2023-09-04T10:30:00', '12:00:00', '10:30:00'),
(130, 'B0', NULL, 11, '#8EACCD', '2023-09-11T10:30:00', '12:00:00', '10:30:00'),
(131, 'B0', NULL, 11, NULL, '2023-09-18T10:30:00', '12:00:00', '10:30:00'),
(132, 'B0', NULL, 11, '#8EACCD', '2023-09-25T10:30:00', '12:00:00', '10:30:00'),
(133, 'B0', NULL, 11, NULL, '2023-10-02T10:30:00', '12:00:00', '10:30:00'),
(134, 'B0', NULL, 11, '#8EACCD', '2023-10-09T10:30:00', '12:00:00', '10:30:00'),
(135, 'B0', NULL, 11, '#8EACCD', '2023-10-16T10:30:00', '12:00:00', '10:30:00'),
(136, 'B0', NULL, 11, NULL, '2023-10-23T10:30:00', '12:00:00', '10:30:00'),
(137, 'B0', NULL, 11, NULL, '2023-10-30T10:30:00', '12:00:00', '10:30:00'),
(138, 'B0', NULL, 11, NULL, '2023-11-06T10:30:00', '12:00:00', '10:30:00'),
(139, 'B0', NULL, 11, NULL, '2023-11-13T10:30:00', '12:00:00', '10:30:00'),
(140, 'B0', NULL, 11, NULL, '2023-11-20T10:30:00', '12:00:00', '10:30:00'),
(141, 'B0', NULL, 11, NULL, '2023-11-27T10:30:00', '12:00:00', '10:30:00'),
(142, 'B0', NULL, 11, NULL, '2023-12-04T10:30:00', '12:00:00', '10:30:00'),
(143, 'B0', NULL, 11, '#CD8D7A', '2023-12-11T10:30:00', '12:00:00', '10:30:00'),
(144, 'B0', NULL, 11, '#CD8D7A', '2023-12-18T10:30:00', '12:00:00', '10:30:00'),
(145, 'B0', NULL, 12, NULL, '2023-09-05T13:30:00', '15:00:00', '13:30:00'),
(146, 'B0', NULL, 12, '#8EACCD', '2023-09-12T13:30:00', '15:00:00', '13:30:00'),
(147, 'B0', NULL, 12, NULL, '2023-09-19T13:30:00', '15:00:00', '13:30:00'),
(148, 'B0', NULL, 12, '#8EACCD', '2023-09-26T13:30:00', '15:00:00', '13:30:00'),
(149, 'B0', NULL, 12, NULL, '2023-10-03T13:30:00', '15:00:00', '13:30:00'),
(150, 'B0', NULL, 12, '#8EACCD', '2023-10-10T13:30:00', '15:00:00', '13:30:00'),
(151, 'B0', NULL, 12, '#8EACCD', '2023-10-17T13:30:00', '15:00:00', '13:30:00'),
(152, 'B0', NULL, 12, NULL, '2023-10-24T13:30:00', '15:00:00', '13:30:00'),
(153, 'B0', NULL, 12, NULL, '2023-10-31T13:30:00', '15:00:00', '13:30:00'),
(154, 'B0', NULL, 12, NULL, '2023-11-07T13:30:00', '15:00:00', '13:30:00'),
(155, 'B0', NULL, 12, NULL, '2023-11-14T13:30:00', '15:00:00', '13:30:00'),
(156, 'B0', NULL, 12, NULL, '2023-11-21T13:30:00', '15:00:00', '13:30:00'),
(157, 'B0', NULL, 12, NULL, '2023-11-28T13:30:00', '15:00:00', '13:30:00'),
(158, 'B0', NULL, 12, NULL, '2023-12-05T13:30:00', '15:00:00', '13:30:00'),
(159, 'B0', NULL, 12, '#CD8D7A', '2023-12-12T13:30:00', '15:00:00', '13:30:00'),
(160, 'B0', NULL, 12, '#CD8D7A', '2023-12-19T13:30:00', '15:00:00', '13:30:00'),
(161, 'B0', NULL, 13, NULL, '2023-09-06T15:30:00', '17:00:00', '15:30:00'),
(162, 'B0', NULL, 13, '#8EACCD', '2023-09-13T15:30:00', '17:00:00', '15:30:00'),
(163, 'B0', NULL, 13, NULL, '2023-09-20T15:30:00', '17:00:00', '15:30:00'),
(164, 'B0', NULL, 13, '#8EACCD', '2023-09-27T15:30:00', '17:00:00', '15:30:00'),
(165, 'B0', NULL, 13, NULL, '2023-10-04T15:30:00', '17:00:00', '15:30:00'),
(166, 'B0', NULL, 13, '#8EACCD', '2023-10-11T15:30:00', '17:00:00', '15:30:00'),
(167, 'B0', NULL, 13, '#8EACCD', '2023-10-18T15:30:00', '17:00:00', '15:30:00'),
(168, 'B0', NULL, 13, NULL, '2023-10-25T15:30:00', '17:00:00', '15:30:00'),
(169, 'B0', NULL, 13, NULL, '2023-11-01T15:30:00', '17:00:00', '15:30:00'),
(170, 'B0', NULL, 13, NULL, '2023-11-08T15:30:00', '17:00:00', '15:30:00'),
(171, 'B0', NULL, 13, NULL, '2023-11-15T15:30:00', '17:00:00', '15:30:00'),
(172, 'B0', NULL, 13, NULL, '2023-11-22T15:30:00', '17:00:00', '15:30:00'),
(173, 'B0', NULL, 13, NULL, '2023-11-29T15:30:00', '17:00:00', '15:30:00'),
(174, 'B0', NULL, 13, NULL, '2023-12-06T15:30:00', '17:00:00', '15:30:00'),
(175, 'B0', NULL, 13, '#CD8D7A', '2023-12-13T15:30:00', '17:00:00', '15:30:00'),
(176, 'B0', NULL, 13, '#CD8D7A', '2023-12-20T15:30:00', '17:00:00', '15:30:00'),
(177, 'A0', NULL, 14, NULL, '2023-09-07T13:30:00', '15:00:00', '13:30:00'),
(178, 'A0', NULL, 14, '#8EACCD', '2023-09-14T13:30:00', '15:00:00', '13:30:00'),
(179, 'A0', NULL, 14, NULL, '2023-09-21T13:30:00', '15:00:00', '13:30:00'),
(180, 'A0', NULL, 14, '#8EACCD', '2023-09-28T13:30:00', '15:00:00', '13:30:00'),
(181, 'A0', NULL, 14, NULL, '2023-10-05T13:30:00', '15:00:00', '13:30:00'),
(182, 'A0', NULL, 14, '#8EACCD', '2023-10-12T13:30:00', '15:00:00', '13:30:00'),
(183, 'A0', NULL, 14, '#8EACCD', '2023-10-19T13:30:00', '15:00:00', '13:30:00'),
(184, 'A0', NULL, 14, NULL, '2023-10-26T13:30:00', '15:00:00', '13:30:00'),
(185, 'A0', NULL, 14, NULL, '2023-11-02T13:30:00', '15:00:00', '13:30:00'),
(186, 'A0', NULL, 14, NULL, '2023-11-09T13:30:00', '15:00:00', '13:30:00'),
(187, 'A0', NULL, 14, NULL, '2023-11-16T13:30:00', '15:00:00', '13:30:00'),
(188, 'A0', NULL, 14, NULL, '2023-11-23T13:30:00', '15:00:00', '13:30:00'),
(189, 'A0', NULL, 14, NULL, '2023-11-30T13:30:00', '15:00:00', '13:30:00'),
(190, 'A0', NULL, 14, NULL, '2023-12-07T13:30:00', '15:00:00', '13:30:00'),
(191, 'A0', NULL, 14, '#CD8D7A', '2023-12-14T13:30:00', '15:00:00', '13:30:00'),
(192, 'A0', NULL, 14, '#CD8D7A', '2023-12-21T13:30:00', '15:00:00', '13:30:00'),
(193, 'B0', NULL, 15, NULL, '2023-09-01T13:30:00', '15:00:00', '13:30:00'),
(194, 'B0', NULL, 15, '#8EACCD', '2023-09-08T13:30:00', '15:00:00', '13:30:00'),
(195, 'B0', NULL, 15, NULL, '2023-09-15T13:30:00', '15:00:00', '13:30:00'),
(196, 'B0', NULL, 15, '#8EACCD', '2023-09-22T13:30:00', '15:00:00', '13:30:00'),
(197, 'B0', NULL, 15, NULL, '2023-09-29T13:30:00', '15:00:00', '13:30:00'),
(198, 'B0', NULL, 15, '#8EACCD', '2023-10-06T13:30:00', '15:00:00', '13:30:00'),
(199, 'B0', NULL, 15, '#8EACCD', '2023-10-13T13:30:00', '15:00:00', '13:30:00'),
(200, 'B0', NULL, 15, NULL, '2023-10-20T13:30:00', '15:00:00', '13:30:00'),
(201, 'B0', NULL, 15, NULL, '2023-10-27T13:30:00', '15:00:00', '13:30:00'),
(202, 'B0', NULL, 15, NULL, '2023-11-03T13:30:00', '15:00:00', '13:30:00'),
(203, 'B0', NULL, 15, NULL, '2023-11-10T13:30:00', '15:00:00', '13:30:00'),
(204, 'B0', NULL, 15, NULL, '2023-11-17T13:30:00', '15:00:00', '13:30:00'),
(205, 'B0', NULL, 15, NULL, '2023-11-24T13:30:00', '15:00:00', '13:30:00'),
(206, 'B0', NULL, 15, NULL, '2023-12-01T13:30:00', '15:00:00', '13:30:00'),
(207, 'B0', NULL, 15, '#CD8D7A', '2023-12-08T13:30:00', '15:00:00', '13:30:00'),
(208, 'B0', NULL, 15, '#CD8D7A', '2023-12-15T13:30:00', '15:00:00', '13:30:00'),
(209, 'A0', NULL, 16, NULL, '2023-09-05T10:30:00', '12:00:00', '10:30:00'),
(210, 'A0', NULL, 16, '#8EACCD', '2023-09-12T10:30:00', '12:00:00', '10:30:00'),
(211, 'A0', NULL, 16, NULL, '2023-09-19T10:30:00', '12:00:00', '10:30:00'),
(212, 'A0', NULL, 16, '#8EACCD', '2023-09-26T10:30:00', '12:00:00', '10:30:00'),
(213, 'A0', NULL, 16, NULL, '2023-10-03T10:30:00', '12:00:00', '10:30:00'),
(214, 'A0', NULL, 16, '#8EACCD', '2023-10-10T10:30:00', '12:00:00', '10:30:00'),
(215, 'A0', NULL, 16, '#8EACCD', '2023-10-17T10:30:00', '12:00:00', '10:30:00'),
(216, 'A0', NULL, 16, NULL, '2023-10-24T10:30:00', '12:00:00', '10:30:00'),
(217, 'A0', NULL, 16, NULL, '2023-10-31T10:30:00', '12:00:00', '10:30:00'),
(218, 'A0', NULL, 16, NULL, '2023-11-07T10:30:00', '12:00:00', '10:30:00'),
(219, 'A0', NULL, 16, NULL, '2023-11-14T10:30:00', '12:00:00', '10:30:00'),
(220, 'A0', NULL, 16, NULL, '2023-11-21T10:30:00', '12:00:00', '10:30:00'),
(221, 'A0', NULL, 16, NULL, '2023-11-28T10:30:00', '12:00:00', '10:30:00'),
(222, 'A0', NULL, 16, NULL, '2023-12-05T10:30:00', '12:00:00', '10:30:00'),
(223, 'A0', NULL, 16, '#CD8D7A', '2023-12-12T10:30:00', '12:00:00', '10:30:00'),
(224, 'A0', NULL, 16, '#CD8D7A', '2023-12-19T10:30:00', '12:00:00', '10:30:00'),
(225, 'A0', NULL, 17, NULL, '2023-09-07T08:30:00', '10:00:00', '08:30:00'),
(226, 'A0', NULL, 17, '#8EACCD', '2023-09-14T08:30:00', '10:00:00', '08:30:00'),
(227, 'A0', NULL, 17, NULL, '2023-09-21T08:30:00', '10:00:00', '08:30:00'),
(228, 'A0', NULL, 17, '#8EACCD', '2023-09-28T08:30:00', '10:00:00', '08:30:00'),
(229, 'A0', NULL, 17, NULL, '2023-10-05T08:30:00', '10:00:00', '08:30:00'),
(230, 'A0', NULL, 17, '#8EACCD', '2023-10-12T08:30:00', '10:00:00', '08:30:00'),
(231, 'A0', NULL, 17, '#8EACCD', '2023-10-19T08:30:00', '10:00:00', '08:30:00'),
(232, 'A0', NULL, 17, NULL, '2023-10-26T08:30:00', '10:00:00', '08:30:00'),
(233, 'A0', NULL, 17, NULL, '2023-11-02T08:30:00', '10:00:00', '08:30:00'),
(234, 'A0', NULL, 17, NULL, '2023-11-09T08:30:00', '10:00:00', '08:30:00'),
(235, 'A0', NULL, 17, NULL, '2023-11-16T08:30:00', '10:00:00', '08:30:00'),
(236, 'A0', NULL, 17, NULL, '2023-11-23T08:30:00', '10:00:00', '08:30:00'),
(237, 'A0', NULL, 17, NULL, '2023-11-30T08:30:00', '10:00:00', '08:30:00'),
(238, 'A0', NULL, 17, NULL, '2023-12-07T08:30:00', '10:00:00', '08:30:00'),
(239, 'A0', NULL, 17, '#CD8D7A', '2023-12-14T08:30:00', '10:00:00', '08:30:00'),
(240, 'A0', NULL, 17, '#CD8D7A', '2023-12-21T08:30:00', '10:00:00', '08:30:00'),
(241, 'B0', NULL, 18, NULL, '2023-09-01T08:30:00', '10:00:00', '08:30:00'),
(242, 'B0', NULL, 18, '#8EACCD', '2023-09-08T08:30:00', '10:00:00', '08:30:00'),
(243, 'B0', NULL, 18, NULL, '2023-09-15T08:30:00', '10:00:00', '08:30:00'),
(244, 'B0', NULL, 18, '#8EACCD', '2023-09-22T08:30:00', '10:00:00', '08:30:00'),
(245, 'B0', NULL, 18, NULL, '2023-09-29T08:30:00', '10:00:00', '08:30:00'),
(246, 'B0', NULL, 18, '#8EACCD', '2023-10-06T08:30:00', '10:00:00', '08:30:00'),
(247, 'B0', NULL, 18, '#8EACCD', '2023-10-13T08:30:00', '10:00:00', '08:30:00'),
(248, 'B0', NULL, 18, NULL, '2023-10-20T08:30:00', '10:00:00', '08:30:00'),
(249, 'B0', NULL, 18, NULL, '2023-10-27T08:30:00', '10:00:00', '08:30:00'),
(250, 'B0', NULL, 18, NULL, '2023-11-03T08:30:00', '10:00:00', '08:30:00'),
(251, 'B0', NULL, 18, NULL, '2023-11-10T08:30:00', '10:00:00', '08:30:00'),
(252, 'B0', NULL, 18, NULL, '2023-11-17T08:30:00', '10:00:00', '08:30:00'),
(253, 'B0', NULL, 18, NULL, '2023-11-24T08:30:00', '10:00:00', '08:30:00'),
(254, 'B0', NULL, 18, NULL, '2023-12-01T08:30:00', '10:00:00', '08:30:00'),
(255, 'B0', NULL, 18, '#CD8D7A', '2023-12-08T08:30:00', '10:00:00', '08:30:00'),
(256, 'B0', NULL, 18, '#CD8D7A', '2023-12-15T08:30:00', '10:00:00', '08:30:00'),
(257, 'B0', NULL, 21, NULL, '2023-09-05T15:30:00', '17:00:00', '15:30:00'),
(258, 'B0', NULL, 21, '#8EACCD', '2023-09-12T15:30:00', '17:00:00', '15:30:00'),
(259, 'B0', NULL, 21, NULL, '2023-09-19T15:30:00', '17:00:00', '15:30:00'),
(260, 'B0', NULL, 21, '#8EACCD', '2023-09-26T15:30:00', '17:00:00', '15:30:00'),
(261, 'B0', NULL, 21, NULL, '2023-10-03T15:30:00', '17:00:00', '15:30:00'),
(262, 'B0', NULL, 21, '#8EACCD', '2023-10-10T15:30:00', '17:00:00', '15:30:00'),
(263, 'B0', NULL, 21, '#8EACCD', '2023-10-17T15:30:00', '17:00:00', '15:30:00'),
(264, 'B0', NULL, 21, NULL, '2023-10-24T15:30:00', '17:00:00', '15:30:00'),
(265, 'B0', NULL, 21, NULL, '2023-10-31T15:30:00', '17:00:00', '15:30:00'),
(266, 'B0', NULL, 21, NULL, '2023-11-07T15:30:00', '17:00:00', '15:30:00'),
(267, 'B0', NULL, 21, NULL, '2023-11-14T15:30:00', '17:00:00', '15:30:00'),
(268, 'B0', NULL, 21, NULL, '2023-11-21T15:30:00', '17:00:00', '15:30:00'),
(269, 'B0', NULL, 21, NULL, '2023-11-28T15:30:00', '17:00:00', '15:30:00'),
(270, 'B0', NULL, 21, NULL, '2023-12-05T15:30:00', '17:00:00', '15:30:00'),
(271, 'B0', NULL, 21, '#CD8D7A', '2023-12-12T15:30:00', '17:00:00', '15:30:00'),
(272, 'B0', NULL, 21, '#CD8D7A', '2023-12-19T15:30:00', '17:00:00', '15:30:00'),
(273, 'A0', NULL, 22, NULL, '2023-09-06T15:30:00', '17:00:00', '15:30:00'),
(274, 'A0', NULL, 22, '#8EACCD', '2023-09-13T15:30:00', '17:00:00', '15:30:00'),
(275, 'A0', NULL, 22, NULL, '2023-09-20T15:30:00', '17:00:00', '15:30:00'),
(276, 'A0', NULL, 22, '#8EACCD', '2023-09-27T15:30:00', '17:00:00', '15:30:00'),
(277, 'A0', NULL, 22, NULL, '2023-10-04T15:30:00', '17:00:00', '15:30:00'),
(278, 'A0', NULL, 22, '#8EACCD', '2023-10-11T15:30:00', '17:00:00', '15:30:00'),
(279, 'A0', NULL, 22, '#8EACCD', '2023-10-18T15:30:00', '17:00:00', '15:30:00'),
(280, 'A0', NULL, 22, NULL, '2023-10-25T15:30:00', '17:00:00', '15:30:00'),
(281, 'A0', NULL, 22, NULL, '2023-11-01T15:30:00', '17:00:00', '15:30:00'),
(282, 'A0', NULL, 22, NULL, '2023-11-08T15:30:00', '17:00:00', '15:30:00'),
(283, 'A0', NULL, 22, NULL, '2023-11-15T15:30:00', '17:00:00', '15:30:00'),
(284, 'A0', NULL, 22, NULL, '2023-11-22T15:30:00', '17:00:00', '15:30:00'),
(285, 'A0', NULL, 22, NULL, '2023-11-29T15:30:00', '17:00:00', '15:30:00'),
(286, 'A0', NULL, 22, NULL, '2023-12-06T15:30:00', '17:00:00', '15:30:00'),
(287, 'A0', NULL, 22, '#CD8D7A', '2023-12-13T15:30:00', '17:00:00', '15:30:00'),
(288, 'A0', NULL, 22, '#CD8D7A', '2023-12-20T15:30:00', '17:00:00', '15:30:00'),
(289, 'A0', NULL, 24, NULL, '2023-09-07T10:30:00', '12:00:00', '10:30:00'),
(290, 'A0', NULL, 24, '#8EACCD', '2023-09-14T10:30:00', '12:00:00', '10:30:00'),
(291, 'A0', NULL, 24, NULL, '2023-09-21T10:30:00', '12:00:00', '10:30:00'),
(292, 'A0', NULL, 24, '#8EACCD', '2023-09-28T10:30:00', '12:00:00', '10:30:00'),
(293, 'A0', NULL, 24, NULL, '2023-10-05T10:30:00', '12:00:00', '10:30:00'),
(294, 'A0', NULL, 24, '#8EACCD', '2023-10-12T10:30:00', '12:00:00', '10:30:00'),
(295, 'A0', NULL, 24, '#8EACCD', '2023-10-19T10:30:00', '12:00:00', '10:30:00'),
(296, 'A0', NULL, 24, NULL, '2023-10-26T10:30:00', '12:00:00', '10:30:00'),
(297, 'A0', NULL, 24, NULL, '2023-11-02T10:30:00', '12:00:00', '10:30:00'),
(298, 'A0', NULL, 24, NULL, '2023-11-09T10:30:00', '12:00:00', '10:30:00'),
(299, 'A0', NULL, 24, NULL, '2023-11-16T10:30:00', '12:00:00', '10:30:00'),
(300, 'A0', NULL, 24, NULL, '2023-11-23T10:30:00', '12:00:00', '10:30:00'),
(301, 'A0', NULL, 24, NULL, '2023-11-30T10:30:00', '12:00:00', '10:30:00'),
(302, 'A0', NULL, 24, NULL, '2023-12-07T10:30:00', '12:00:00', '10:30:00'),
(303, 'A0', NULL, 24, '#CD8D7A', '2023-12-14T10:30:00', '12:00:00', '10:30:00'),
(304, 'A0', NULL, 24, '#CD8D7A', '2023-12-21T10:30:00', '12:00:00', '10:30:00'),
(305, 'B0', NULL, 25, NULL, '2023-09-06T10:30:00', '12:00:00', '10:30:00'),
(306, 'B0', NULL, 25, '#8EACCD', '2023-09-13T10:30:00', '12:00:00', '10:30:00'),
(307, 'B0', NULL, 25, NULL, '2023-09-20T10:30:00', '12:00:00', '10:30:00'),
(308, 'B0', NULL, 25, '#8EACCD', '2023-09-27T10:30:00', '12:00:00', '10:30:00'),
(309, 'B0', NULL, 25, NULL, '2023-10-04T10:30:00', '12:00:00', '10:30:00'),
(310, 'B0', NULL, 25, '#8EACCD', '2023-10-11T10:30:00', '12:00:00', '10:30:00'),
(311, 'B0', NULL, 25, '#8EACCD', '2023-10-18T10:30:00', '12:00:00', '10:30:00'),
(312, 'B0', NULL, 25, NULL, '2023-10-25T10:30:00', '12:00:00', '10:30:00'),
(313, 'B0', NULL, 25, NULL, '2023-11-01T10:30:00', '12:00:00', '10:30:00'),
(314, 'B0', NULL, 25, NULL, '2023-11-08T10:30:00', '12:00:00', '10:30:00'),
(315, 'B0', NULL, 25, NULL, '2023-11-15T10:30:00', '12:00:00', '10:30:00'),
(316, 'B0', NULL, 25, NULL, '2023-11-22T10:30:00', '12:00:00', '10:30:00'),
(317, 'B0', NULL, 25, NULL, '2023-11-29T10:30:00', '12:00:00', '10:30:00'),
(318, 'B0', NULL, 25, NULL, '2023-12-06T10:30:00', '12:00:00', '10:30:00'),
(319, 'B0', NULL, 25, '#CD8D7A', '2023-12-13T10:30:00', '12:00:00', '10:30:00'),
(320, 'B0', NULL, 25, '#CD8D7A', '2023-12-20T10:30:00', '12:00:00', '10:30:00'),
(321, 'A0', NULL, 27, NULL, '2023-09-04T08:30:00', '10:00:00', '08:30:00'),
(322, 'A0', NULL, 27, '#8EACCD', '2023-09-11T08:30:00', '10:00:00', '08:30:00'),
(323, 'A0', NULL, 27, NULL, '2023-09-18T08:30:00', '10:00:00', '08:30:00'),
(324, 'A0', NULL, 27, '#8EACCD', '2023-09-25T08:30:00', '10:00:00', '08:30:00'),
(325, 'A0', NULL, 27, NULL, '2023-10-02T08:30:00', '10:00:00', '08:30:00'),
(326, 'A0', NULL, 27, '#8EACCD', '2023-10-09T08:30:00', '10:00:00', '08:30:00'),
(327, 'A0', NULL, 27, '#8EACCD', '2023-10-16T08:30:00', '10:00:00', '08:30:00'),
(328, 'A0', NULL, 27, NULL, '2023-10-23T08:30:00', '10:00:00', '08:30:00'),
(329, 'A0', NULL, 27, NULL, '2023-10-30T08:30:00', '10:00:00', '08:30:00'),
(330, 'A0', NULL, 27, NULL, '2023-11-06T08:30:00', '10:00:00', '08:30:00'),
(331, 'A0', NULL, 27, NULL, '2023-11-13T08:30:00', '10:00:00', '08:30:00'),
(332, 'A0', NULL, 27, NULL, '2023-11-20T08:30:00', '10:00:00', '08:30:00'),
(333, 'A0', NULL, 27, NULL, '2023-11-27T08:30:00', '10:00:00', '08:30:00'),
(334, 'A0', NULL, 27, NULL, '2023-12-04T08:30:00', '10:00:00', '08:30:00'),
(335, 'A0', NULL, 27, '#CD8D7A', '2023-12-11T08:30:00', '10:00:00', '08:30:00'),
(336, 'A0', NULL, 27, '#CD8D7A', '2023-12-18T08:30:00', '10:00:00', '08:30:00'),
(337, 'A0', NULL, 28, NULL, '2023-09-06T08:30:00', '10:00:00', '08:30:00'),
(338, 'A0', NULL, 28, '#8EACCD', '2023-09-13T08:30:00', '10:00:00', '08:30:00'),
(339, 'A0', NULL, 28, NULL, '2023-09-20T08:30:00', '10:00:00', '08:30:00'),
(340, 'A0', NULL, 28, '#8EACCD', '2023-09-27T08:30:00', '10:00:00', '08:30:00'),
(341, 'A0', NULL, 28, NULL, '2023-10-04T08:30:00', '10:00:00', '08:30:00'),
(342, 'A0', NULL, 28, '#8EACCD', '2023-10-11T08:30:00', '10:00:00', '08:30:00'),
(343, 'A0', NULL, 28, '#8EACCD', '2023-10-18T08:30:00', '10:00:00', '08:30:00'),
(344, 'A0', NULL, 28, NULL, '2023-10-25T08:30:00', '10:00:00', '08:30:00'),
(345, 'A0', NULL, 28, NULL, '2023-11-01T08:30:00', '10:00:00', '08:30:00'),
(346, 'A0', NULL, 28, NULL, '2023-11-08T08:30:00', '10:00:00', '08:30:00'),
(347, 'A0', NULL, 28, NULL, '2023-11-15T08:30:00', '10:00:00', '08:30:00'),
(348, 'A0', NULL, 28, NULL, '2023-11-22T08:30:00', '10:00:00', '08:30:00'),
(349, 'A0', NULL, 28, NULL, '2023-11-29T08:30:00', '10:00:00', '08:30:00'),
(350, 'A0', NULL, 28, NULL, '2023-12-06T08:30:00', '10:00:00', '08:30:00'),
(351, 'A0', NULL, 28, '#CD8D7A', '2023-12-13T08:30:00', '10:00:00', '08:30:00'),
(352, 'A0', NULL, 28, '#CD8D7A', '2023-12-20T08:30:00', '10:00:00', '08:30:00'),
(353, 'A0', NULL, 29, NULL, '2023-09-04T10:30:00', '12:00:00', '10:30:00'),
(354, 'A0', NULL, 29, '#8EACCD', '2023-09-11T10:30:00', '12:00:00', '10:30:00'),
(355, 'A0', NULL, 29, NULL, '2023-09-18T10:30:00', '12:00:00', '10:30:00'),
(356, 'A0', NULL, 29, '#8EACCD', '2023-09-25T10:30:00', '12:00:00', '10:30:00'),
(357, 'A0', NULL, 29, NULL, '2023-10-02T10:30:00', '12:00:00', '10:30:00'),
(358, 'A0', NULL, 29, '#8EACCD', '2023-10-09T10:30:00', '12:00:00', '10:30:00'),
(359, 'A0', NULL, 29, '#8EACCD', '2023-10-16T10:30:00', '12:00:00', '10:30:00'),
(360, 'A0', NULL, 29, NULL, '2023-10-23T10:30:00', '12:00:00', '10:30:00'),
(361, 'A0', NULL, 29, NULL, '2023-10-30T10:30:00', '12:00:00', '10:30:00'),
(362, 'A0', NULL, 29, NULL, '2023-11-06T10:30:00', '12:00:00', '10:30:00'),
(363, 'A0', NULL, 29, NULL, '2023-11-13T10:30:00', '12:00:00', '10:30:00'),
(364, 'A0', NULL, 29, NULL, '2023-11-20T10:30:00', '12:00:00', '10:30:00'),
(365, 'A0', NULL, 29, NULL, '2023-11-27T10:30:00', '12:00:00', '10:30:00'),
(366, 'A0', NULL, 29, NULL, '2023-12-04T10:30:00', '12:00:00', '10:30:00'),
(367, 'A0', NULL, 29, '#CD8D7A', '2023-12-11T10:30:00', '12:00:00', '10:30:00'),
(368, 'A0', NULL, 29, '#CD8D7A', '2023-12-18T10:30:00', '12:00:00', '10:30:00'),
(369, 'A0', NULL, 31, NULL, '2023-09-05T08:30:00', '10:00:00', '08:30:00'),
(370, 'A0', NULL, 31, '#8EACCD', '2023-09-12T08:30:00', '10:00:00', '08:30:00'),
(371, 'A0', NULL, 31, NULL, '2023-09-19T08:30:00', '10:00:00', '08:30:00'),
(372, 'A0', NULL, 31, '#8EACCD', '2023-09-26T08:30:00', '10:00:00', '08:30:00'),
(373, 'A0', NULL, 31, NULL, '2023-10-03T08:30:00', '10:00:00', '08:30:00'),
(374, 'A0', NULL, 31, '#8EACCD', '2023-10-10T08:30:00', '10:00:00', '08:30:00'),
(375, 'A0', NULL, 31, '#8EACCD', '2023-10-17T08:30:00', '10:00:00', '08:30:00'),
(376, 'A0', NULL, 31, NULL, '2023-10-24T08:30:00', '10:00:00', '08:30:00'),
(377, 'A0', NULL, 31, NULL, '2023-10-31T08:30:00', '10:00:00', '08:30:00'),
(378, 'A0', NULL, 31, NULL, '2023-11-07T08:30:00', '10:00:00', '08:30:00'),
(379, 'A0', NULL, 31, NULL, '2023-11-14T08:30:00', '10:00:00', '08:30:00'),
(380, 'A0', NULL, 31, NULL, '2023-11-21T08:30:00', '10:00:00', '08:30:00'),
(381, 'A0', NULL, 31, NULL, '2023-11-28T08:30:00', '10:00:00', '08:30:00'),
(382, 'A0', NULL, 31, NULL, '2023-12-05T08:30:00', '10:00:00', '08:30:00'),
(383, 'A0', NULL, 31, '#CD8D7A', '2023-12-12T08:30:00', '10:00:00', '08:30:00'),
(384, 'A0', NULL, 31, '#CD8D7A', '2023-12-19T08:30:00', '10:00:00', '08:30:00'),
(385, 'A0', NULL, 58, NULL, '2023-09-05T13:30:00', '15:00:00', '13:30:00'),
(386, 'A0', NULL, 58, NULL, '2023-09-12T13:30:00', '15:00:00', '13:30:00'),
(387, 'A0', NULL, 58, NULL, '2023-09-19T13:30:00', '15:00:00', '13:30:00'),
(388, 'A0', NULL, 58, NULL, '2023-09-26T13:30:00', '15:00:00', '13:30:00'),
(389, 'A0', NULL, 58, NULL, '2023-10-03T13:30:00', '15:00:00', '13:30:00'),
(390, 'A0', NULL, 58, NULL, '2023-10-10T13:30:00', '15:00:00', '13:30:00'),
(391, 'A0', NULL, 58, NULL, '2023-10-17T13:30:00', '15:00:00', '13:30:00'),
(392, 'A0', NULL, 58, NULL, '2023-10-24T13:30:00', '15:00:00', '13:30:00'),
(393, 'A0', NULL, 58, NULL, '2023-10-31T13:30:00', '15:00:00', '13:30:00'),
(394, 'A0', NULL, 58, NULL, '2023-11-07T13:30:00', '15:00:00', '13:30:00'),
(395, 'A0', NULL, 58, NULL, '2023-11-14T13:30:00', '15:00:00', '13:30:00'),
(396, 'A0', NULL, 58, NULL, '2023-11-21T13:30:00', '15:00:00', '13:30:00'),
(397, 'A0', NULL, 58, NULL, '2023-11-28T13:30:00', '15:00:00', '13:30:00'),
(398, 'A0', NULL, 58, NULL, '2023-12-05T13:30:00', '15:00:00', '13:30:00'),
(399, 'A0', NULL, 58, '#CD8D7A', '2023-12-12T13:30:00', '15:00:00', '13:30:00'),
(400, 'A0', NULL, 58, '#CD8D7A', '2023-12-19T13:30:00', '15:00:00', '13:30:00'),
(401, 'B0', NULL, 60, NULL, '2023-09-01T15:30:00', '17:00:00', '15:30:00'),
(402, 'B0', NULL, 60, '#8EACCD', '2023-09-08T15:30:00', '17:00:00', '15:30:00'),
(403, 'B0', NULL, 60, NULL, '2023-09-15T15:30:00', '17:00:00', '15:30:00'),
(404, 'B0', NULL, 60, '#8EACCD', '2023-09-22T15:30:00', '17:00:00', '15:30:00'),
(405, 'B0', NULL, 60, NULL, '2023-09-29T15:30:00', '17:00:00', '15:30:00'),
(406, 'B0', NULL, 60, '#8EACCD', '2023-10-06T15:30:00', '17:00:00', '15:30:00'),
(407, 'B0', NULL, 60, NULL, '2023-10-13T15:30:00', '17:00:00', '15:30:00'),
(408, 'B0', NULL, 60, '#8EACCD', '2023-10-20T15:30:00', '17:00:00', '15:30:00'),
(409, 'B0', NULL, 60, '#8EACCD', '2023-10-27T15:30:00', '17:00:00', '15:30:00'),
(410, 'B0', NULL, 60, NULL, '2023-11-03T15:30:00', '17:00:00', '15:30:00'),
(411, 'B0', NULL, 60, NULL, '2023-11-10T15:30:00', '17:00:00', '15:30:00'),
(412, 'B0', NULL, 60, NULL, '2023-11-17T15:30:00', '17:00:00', '15:30:00'),
(413, 'B0', NULL, 60, NULL, '2023-11-24T15:30:00', '17:00:00', '15:30:00'),
(414, 'B0', NULL, 60, NULL, '2023-12-01T15:30:00', '17:00:00', '15:30:00'),
(415, 'B0', NULL, 60, NULL, '2023-12-08T15:30:00', '17:00:00', '15:30:00'),
(416, 'B0', NULL, 60, NULL, '2023-12-15T15:30:00', '17:00:00', '15:30:00'),
(417, 'B0', NULL, 60, '#CD8D7A', '2023-12-22T15:30:00', '17:00:00', '15:30:00'),
(418, 'B0', NULL, 60, '#CD8D7A', '2023-12-29T15:30:00', '17:00:00', '15:30:00'),
(419, 'B0', NULL, 61, NULL, '2023-09-04T08:30:00', '10:00:00', '08:30:00'),
(420, 'B0', NULL, 61, '#8EACCD', '2023-09-11T08:30:00', '10:00:00', '08:30:00'),
(421, 'B0', NULL, 61, NULL, '2023-09-18T08:30:00', '10:00:00', '08:30:00'),
(422, 'B0', NULL, 61, '#8EACCD', '2023-09-25T08:30:00', '10:00:00', '08:30:00'),
(423, 'B0', NULL, 61, NULL, '2023-10-02T08:30:00', '10:00:00', '08:30:00'),
(424, 'B0', NULL, 61, '#8EACCD', '2023-10-09T08:30:00', '10:00:00', '08:30:00'),
(425, 'B0', NULL, 61, NULL, '2023-10-16T08:30:00', '10:00:00', '08:30:00'),
(426, 'B0', NULL, 61, '#8EACCD', '2023-10-23T08:30:00', '10:00:00', '08:30:00'),
(427, 'B0', NULL, 61, '#8EACCD', '2023-10-30T08:30:00', '10:00:00', '08:30:00'),
(428, 'B0', NULL, 61, NULL, '2023-11-06T08:30:00', '10:00:00', '08:30:00'),
(429, 'B0', NULL, 61, NULL, '2023-11-13T08:30:00', '10:00:00', '08:30:00'),
(430, 'B0', NULL, 61, NULL, '2023-11-20T08:30:00', '10:00:00', '08:30:00'),
(431, 'B0', NULL, 61, NULL, '2023-11-27T08:30:00', '10:00:00', '08:30:00'),
(432, 'B0', NULL, 61, NULL, '2023-12-04T08:30:00', '10:00:00', '08:30:00'),
(433, 'B0', NULL, 61, NULL, '2023-12-11T08:30:00', '10:00:00', '08:30:00'),
(434, 'B0', NULL, 61, NULL, '2023-12-18T08:30:00', '10:00:00', '08:30:00'),
(435, 'B0', NULL, 61, '#CD8D7A', '2023-12-25T08:30:00', '10:00:00', '08:30:00'),
(436, 'B0', NULL, 62, NULL, '2023-09-01T10:30:00', '12:00:00', '10:30:00'),
(437, 'B0', NULL, 62, '#8EACCD', '2023-09-08T10:30:00', '12:00:00', '10:30:00'),
(438, 'B0', NULL, 62, NULL, '2023-09-15T10:30:00', '12:00:00', '10:30:00'),
(439, 'B0', NULL, 62, '#8EACCD', '2023-09-22T10:30:00', '12:00:00', '10:30:00'),
(440, 'B0', NULL, 62, NULL, '2023-09-29T10:30:00', '12:00:00', '10:30:00'),
(441, 'B0', NULL, 62, '#8EACCD', '2023-10-06T10:30:00', '12:00:00', '10:30:00'),
(442, 'B0', NULL, 62, NULL, '2023-10-13T10:30:00', '12:00:00', '10:30:00'),
(443, 'B0', NULL, 62, '#8EACCD', '2023-10-20T10:30:00', '12:00:00', '10:30:00'),
(444, 'B0', NULL, 62, '#8EACCD', '2023-10-27T10:30:00', '12:00:00', '10:30:00'),
(445, 'B0', NULL, 62, NULL, '2023-11-03T10:30:00', '12:00:00', '10:30:00'),
(446, 'B0', NULL, 62, NULL, '2023-11-10T10:30:00', '12:00:00', '10:30:00'),
(447, 'B0', NULL, 62, NULL, '2023-11-17T10:30:00', '12:00:00', '10:30:00'),
(448, 'B0', NULL, 62, NULL, '2023-11-24T10:30:00', '12:00:00', '10:30:00'),
(449, 'B0', NULL, 62, NULL, '2023-12-01T10:30:00', '12:00:00', '10:30:00'),
(450, 'B0', NULL, 62, NULL, '2023-12-08T10:30:00', '12:00:00', '10:30:00'),
(451, 'B0', NULL, 62, NULL, '2023-12-15T10:30:00', '12:00:00', '10:30:00'),
(452, 'B0', NULL, 62, '#CD8D7A', '2023-12-22T10:30:00', '12:00:00', '10:30:00'),
(453, 'B0', NULL, 62, '#CD8D7A', '2023-12-29T10:30:00', '12:00:00', '10:30:00'),
(454, 'B0', NULL, 63, NULL, '2023-09-07T08:30:00', '10:00:00', '08:30:00'),
(455, 'B0', NULL, 63, '#8EACCD', '2023-09-14T08:30:00', '10:00:00', '08:30:00'),
(456, 'B0', NULL, 63, NULL, '2023-09-21T08:30:00', '10:00:00', '08:30:00'),
(457, 'B0', NULL, 63, '#8EACCD', '2023-09-28T08:30:00', '10:00:00', '08:30:00'),
(458, 'B0', NULL, 63, NULL, '2023-10-05T08:30:00', '10:00:00', '08:30:00'),
(459, 'B0', NULL, 63, '#8EACCD', '2023-10-12T08:30:00', '10:00:00', '08:30:00'),
(460, 'B0', NULL, 63, NULL, '2023-10-19T08:30:00', '10:00:00', '08:30:00'),
(461, 'B0', NULL, 63, '#8EACCD', '2023-10-26T08:30:00', '10:00:00', '08:30:00'),
(462, 'B0', NULL, 63, '#8EACCD', '2023-11-02T08:30:00', '10:00:00', '08:30:00'),
(463, 'B0', NULL, 63, NULL, '2023-11-09T08:30:00', '10:00:00', '08:30:00'),
(464, 'B0', NULL, 63, NULL, '2023-11-16T08:30:00', '10:00:00', '08:30:00'),
(465, 'B0', NULL, 63, NULL, '2023-11-23T08:30:00', '10:00:00', '08:30:00'),
(466, 'B0', NULL, 63, NULL, '2023-11-30T08:30:00', '10:00:00', '08:30:00'),
(467, 'B0', NULL, 63, NULL, '2023-12-07T08:30:00', '10:00:00', '08:30:00'),
(468, 'B0', NULL, 63, NULL, '2023-12-14T08:30:00', '10:00:00', '08:30:00'),
(469, 'B0', NULL, 63, NULL, '2023-12-21T08:30:00', '10:00:00', '08:30:00'),
(470, 'B0', NULL, 63, '#CD8D7A', '2023-12-28T08:30:00', '10:00:00', '08:30:00'),
(471, 'A0', NULL, 64, NULL, '2023-09-01T08:30:00', '10:00:00', '08:30:00'),
(472, 'A0', NULL, 64, '#8EACCD', '2023-09-08T08:30:00', '10:00:00', '08:30:00'),
(473, 'A0', NULL, 64, NULL, '2023-09-15T08:30:00', '10:00:00', '08:30:00'),
(474, 'A0', NULL, 64, '#8EACCD', '2023-09-22T08:30:00', '10:00:00', '08:30:00'),
(475, 'A0', NULL, 64, NULL, '2023-09-29T08:30:00', '10:00:00', '08:30:00'),
(476, 'A0', NULL, 64, '#8EACCD', '2023-10-06T08:30:00', '10:00:00', '08:30:00'),
(477, 'A0', NULL, 64, NULL, '2023-10-13T08:30:00', '10:00:00', '08:30:00'),
(478, 'A0', NULL, 64, '#8EACCD', '2023-10-20T08:30:00', '10:00:00', '08:30:00'),
(479, 'A0', NULL, 64, '#8EACCD', '2023-10-27T08:30:00', '10:00:00', '08:30:00'),
(480, 'A0', NULL, 64, NULL, '2023-11-03T08:30:00', '10:00:00', '08:30:00'),
(481, 'A0', NULL, 64, NULL, '2023-11-10T08:30:00', '10:00:00', '08:30:00'),
(482, 'A0', NULL, 64, NULL, '2023-11-17T08:30:00', '10:00:00', '08:30:00'),
(483, 'A0', NULL, 64, NULL, '2023-11-24T08:30:00', '10:00:00', '08:30:00'),
(484, 'A0', NULL, 64, NULL, '2023-12-01T08:30:00', '10:00:00', '08:30:00'),
(485, 'A0', NULL, 64, NULL, '2023-12-08T08:30:00', '10:00:00', '08:30:00'),
(486, 'A0', NULL, 64, NULL, '2023-12-15T08:30:00', '10:00:00', '08:30:00'),
(487, 'A0', NULL, 64, '#CD8D7A', '2023-12-22T08:30:00', '10:00:00', '08:30:00'),
(488, 'A0', NULL, 64, '#CD8D7A', '2023-12-29T08:30:00', '10:00:00', '08:30:00'),
(489, 'A0', NULL, 65, NULL, '2023-09-01T10:30:00', '12:00:00', '10:30:00'),
(490, 'A0', NULL, 65, '#8EACCD', '2023-09-08T10:30:00', '12:00:00', '10:30:00'),
(491, 'A0', NULL, 65, NULL, '2023-09-15T10:30:00', '12:00:00', '10:30:00'),
(492, 'A0', NULL, 65, '#8EACCD', '2023-09-22T10:30:00', '12:00:00', '10:30:00'),
(493, 'A0', NULL, 65, NULL, '2023-09-29T10:30:00', '12:00:00', '10:30:00'),
(494, 'A0', NULL, 65, '#8EACCD', '2023-10-06T10:30:00', '12:00:00', '10:30:00'),
(495, 'A0', NULL, 65, NULL, '2023-10-13T10:30:00', '12:00:00', '10:30:00'),
(496, 'A0', NULL, 65, '#8EACCD', '2023-10-20T10:30:00', '12:00:00', '10:30:00'),
(497, 'A0', NULL, 65, '#8EACCD', '2023-10-27T10:30:00', '12:00:00', '10:30:00'),
(498, 'A0', NULL, 65, NULL, '2023-11-03T10:30:00', '12:00:00', '10:30:00'),
(499, 'A0', NULL, 65, NULL, '2023-11-10T10:30:00', '12:00:00', '10:30:00'),
(500, 'A0', NULL, 65, NULL, '2023-11-17T10:30:00', '12:00:00', '10:30:00'),
(501, 'A0', NULL, 65, NULL, '2023-11-24T10:30:00', '12:00:00', '10:30:00'),
(502, 'A0', NULL, 65, NULL, '2023-12-01T10:30:00', '12:00:00', '10:30:00'),
(503, 'A0', NULL, 65, NULL, '2023-12-08T10:30:00', '12:00:00', '10:30:00'),
(504, 'A0', NULL, 65, NULL, '2023-12-15T10:30:00', '12:00:00', '10:30:00'),
(505, 'A0', NULL, 65, '#CD8D7A', '2023-12-22T10:30:00', '12:00:00', '10:30:00'),
(506, 'A0', NULL, 65, '#CD8D7A', '2023-12-29T10:30:00', '12:00:00', '10:30:00'),
(507, 'B0', NULL, 66, NULL, '2023-09-07T13:30:00', '15:00:00', '13:30:00'),
(508, 'B0', NULL, 66, '#8EACCD', '2023-09-14T13:30:00', '15:00:00', '13:30:00'),
(509, 'B0', NULL, 66, NULL, '2023-09-21T13:30:00', '15:00:00', '13:30:00'),
(510, 'B0', NULL, 66, '#8EACCD', '2023-09-28T13:30:00', '15:00:00', '13:30:00'),
(511, 'B0', NULL, 66, NULL, '2023-10-05T13:30:00', '15:00:00', '13:30:00'),
(512, 'B0', NULL, 66, '#8EACCD', '2023-10-12T13:30:00', '15:00:00', '13:30:00'),
(513, 'B0', NULL, 66, NULL, '2023-10-19T13:30:00', '15:00:00', '13:30:00'),
(514, 'B0', NULL, 66, '#8EACCD', '2023-10-26T13:30:00', '15:00:00', '13:30:00'),
(515, 'B0', NULL, 66, '#8EACCD', '2023-11-02T13:30:00', '15:00:00', '13:30:00'),
(516, 'B0', NULL, 66, NULL, '2023-11-09T13:30:00', '15:00:00', '13:30:00'),
(517, 'B0', NULL, 66, NULL, '2023-11-16T13:30:00', '15:00:00', '13:30:00'),
(518, 'B0', NULL, 66, NULL, '2023-11-23T13:30:00', '15:00:00', '13:30:00'),
(519, 'B0', NULL, 66, NULL, '2023-11-30T13:30:00', '15:00:00', '13:30:00'),
(520, 'B0', NULL, 66, NULL, '2023-12-07T13:30:00', '15:00:00', '13:30:00'),
(521, 'B0', NULL, 66, NULL, '2023-12-14T13:30:00', '15:00:00', '13:30:00'),
(522, 'B0', NULL, 66, NULL, '2023-12-21T13:30:00', '15:00:00', '13:30:00'),
(523, 'B0', NULL, 66, '#CD8D7A', '2023-12-28T13:30:00', '15:00:00', '13:30:00'),
(524, 'A0', NULL, 67, NULL, '2023-09-05T15:30:00', '17:00:00', '15:30:00'),
(525, 'A0', NULL, 67, '#8EACCD', '2023-09-12T15:30:00', '17:00:00', '15:30:00'),
(526, 'A0', NULL, 67, NULL, '2023-09-19T15:30:00', '17:00:00', '15:30:00'),
(527, 'A0', NULL, 67, '#8EACCD', '2023-09-26T15:30:00', '17:00:00', '15:30:00'),
(528, 'A0', NULL, 67, NULL, '2023-10-03T15:30:00', '17:00:00', '15:30:00'),
(529, 'A0', NULL, 67, '#8EACCD', '2023-10-10T15:30:00', '17:00:00', '15:30:00'),
(530, 'A0', NULL, 67, NULL, '2023-10-17T15:30:00', '17:00:00', '15:30:00'),
(531, 'A0', NULL, 67, '#8EACCD', '2023-10-24T15:30:00', '17:00:00', '15:30:00'),
(532, 'A0', NULL, 67, '#8EACCD', '2023-10-31T15:30:00', '17:00:00', '15:30:00'),
(533, 'A0', NULL, 67, NULL, '2023-11-07T15:30:00', '17:00:00', '15:30:00'),
(534, 'A0', NULL, 67, NULL, '2023-11-14T15:30:00', '17:00:00', '15:30:00'),
(535, 'A0', NULL, 67, NULL, '2023-11-21T15:30:00', '17:00:00', '15:30:00'),
(536, 'A0', NULL, 67, NULL, '2023-11-28T15:30:00', '17:00:00', '15:30:00'),
(537, 'A0', NULL, 67, NULL, '2023-12-05T15:30:00', '17:00:00', '15:30:00'),
(538, 'A0', NULL, 67, NULL, '2023-12-12T15:30:00', '17:00:00', '15:30:00'),
(539, 'A0', NULL, 67, NULL, '2023-12-19T15:30:00', '17:00:00', '15:30:00'),
(540, 'A0', NULL, 67, '#CD8D7A', '2023-12-26T15:30:00', '17:00:00', '15:30:00'),
(541, 'A0', NULL, 68, NULL, '2023-09-06T13:30:00', '15:00:00', '13:30:00'),
(542, 'A0', NULL, 68, '#8EACCD', '2023-09-13T13:30:00', '15:00:00', '13:30:00'),
(543, 'A0', NULL, 68, NULL, '2023-09-20T13:30:00', '15:00:00', '13:30:00'),
(544, 'A0', NULL, 68, '#8EACCD', '2023-09-27T13:30:00', '15:00:00', '13:30:00'),
(545, 'A0', NULL, 68, NULL, '2023-10-04T13:30:00', '15:00:00', '13:30:00'),
(546, 'A0', NULL, 68, '#8EACCD', '2023-10-11T13:30:00', '15:00:00', '13:30:00'),
(547, 'A0', NULL, 68, NULL, '2023-10-18T13:30:00', '15:00:00', '13:30:00'),
(548, 'A0', NULL, 68, '#8EACCD', '2023-10-25T13:30:00', '15:00:00', '13:30:00'),
(549, 'A0', NULL, 68, '#8EACCD', '2023-11-01T13:30:00', '15:00:00', '13:30:00'),
(550, 'A0', NULL, 68, NULL, '2023-11-08T13:30:00', '15:00:00', '13:30:00'),
(551, 'A0', NULL, 68, NULL, '2023-11-15T13:30:00', '15:00:00', '13:30:00'),
(552, 'A0', NULL, 68, NULL, '2023-11-22T13:30:00', '15:00:00', '13:30:00'),
(553, 'A0', NULL, 68, NULL, '2023-11-29T13:30:00', '15:00:00', '13:30:00'),
(554, 'A0', NULL, 68, NULL, '2023-12-06T13:30:00', '15:00:00', '13:30:00'),
(555, 'A0', NULL, 68, NULL, '2023-12-13T13:30:00', '15:00:00', '13:30:00'),
(556, 'A0', NULL, 68, NULL, '2023-12-20T13:30:00', '15:00:00', '13:30:00'),
(557, 'A0', NULL, 68, '#CD8D7A', '2023-12-27T13:30:00', '15:00:00', '13:30:00'),
(558, 'A0', NULL, 69, NULL, '2023-09-04T15:30:00', '17:00:00', '15:30:00'),
(559, 'A0', NULL, 69, '#8EACCD', '2023-09-11T15:30:00', '17:00:00', '15:30:00'),
(560, 'A0', NULL, 69, NULL, '2023-09-18T15:30:00', '17:00:00', '15:30:00'),
(561, 'A0', NULL, 69, '#8EACCD', '2023-09-25T15:30:00', '17:00:00', '15:30:00'),
(562, 'A0', NULL, 69, NULL, '2023-10-02T15:30:00', '17:00:00', '15:30:00'),
(563, 'A0', NULL, 69, '#8EACCD', '2023-10-09T15:30:00', '17:00:00', '15:30:00'),
(564, 'A0', NULL, 69, NULL, '2023-10-16T15:30:00', '17:00:00', '15:30:00'),
(565, 'A0', NULL, 69, '#8EACCD', '2023-10-23T15:30:00', '17:00:00', '15:30:00'),
(566, 'A0', NULL, 69, '#8EACCD', '2023-10-30T15:30:00', '17:00:00', '15:30:00'),
(567, 'A0', NULL, 69, NULL, '2023-11-06T15:30:00', '17:00:00', '15:30:00'),
(568, 'A0', NULL, 69, NULL, '2023-11-13T15:30:00', '17:00:00', '15:30:00'),
(569, 'A0', NULL, 69, NULL, '2023-11-20T15:30:00', '17:00:00', '15:30:00'),
(570, 'A0', NULL, 69, NULL, '2023-11-27T15:30:00', '17:00:00', '15:30:00'),
(571, 'A0', NULL, 69, NULL, '2023-12-04T15:30:00', '17:00:00', '15:30:00'),
(572, 'A0', NULL, 69, NULL, '2023-12-11T15:30:00', '17:00:00', '15:30:00'),
(573, 'A0', NULL, 69, NULL, '2023-12-18T15:30:00', '17:00:00', '15:30:00'),
(574, 'A0', NULL, 69, '#CD8D7A', '2023-12-25T15:30:00', '17:00:00', '15:30:00');

--
-- Index pour les tables déchargées
--

--
-- Index pour la table `affectation_module_groupe_teacher`
--
ALTER TABLE `affectation_module_groupe_teacher`
  ADD PRIMARY KEY (`id`),
  ADD KEY `FK7uh73vmhtsfonfgrln4f6c1ss` (`enseignant_id`),
  ADD KEY `FK5q43vr80v8a6idb81vp1l48w5` (`groupe_id`),
  ADD KEY `FKlht7chp1lfcnqjs0ujg6avujb` (`module_id`);

--
-- Index pour la table `classe`
--
ALTER TABLE `classe`
  ADD PRIMARY KEY (`id`),
  ADD KEY `FK5dlr7nj4ia58qex7s483y59l6` (`filiere_id`),
  ADD KEY `FKe7oa3v31ke22q1myu5slka3sn` (`semestre_id`);

--
-- Index pour la table `criteria`
--
ALTER TABLE `criteria`
  ADD PRIMARY KEY (`id`),
  ADD KEY `FK4n5r9qlha22r1hk82ntl07rqu` (`etudiant_id`);

--
-- Index pour la table `filiere`
--
ALTER TABLE `filiere`
  ADD PRIMARY KEY (`id`);

--
-- Index pour la table `groupe`
--
ALTER TABLE `groupe`
  ADD PRIMARY KEY (`id`),
  ADD KEY `FKe2tx74u36ftkwm8kkcyoya51w` (`classe_id`);

--
-- Index pour la table `module`
--
ALTER TABLE `module`
  ADD PRIMARY KEY (`id`),
  ADD KEY `FKjqbmwfl75ck7wgjg0455r0wia` (`classe_id`),
  ADD KEY `FKnwa6b5dj22vyr1tcfrxx8736b` (`enseignant_id`),
  ADD KEY `FKkdtdv1a9pmrxwwv3cf6thgpv3` (`filiere_id`);

--
-- Index pour la table `non_disponibilite`
--
ALTER TABLE `non_disponibilite`
  ADD PRIMARY KEY (`id`),
  ADD KEY `FKlsms01hf9pkw9slehf5o10q8v` (`enseignant_id`);

--
-- Index pour la table `person`
--
ALTER TABLE `person`
  ADD PRIMARY KEY (`id`),
  ADD UNIQUE KEY `UK_fwmwi44u55bo4rvwsv0cln012` (`email`),
  ADD UNIQUE KEY `UK_3tnwg2lomhbqckauuc1997bx7` (`login`),
  ADD KEY `FKrgn11m7897xqhfeo5ywtsssy4` (`classe_id`),
  ADD KEY `FK7b0yqwhuqerskhk65c3sn8x9c` (`groupe_id`);

--
-- Index pour la table `salle`
--
ALTER TABLE `salle`
  ADD PRIMARY KEY (`id`);

--
-- Index pour la table `semestre`
--
ALTER TABLE `semestre`
  ADD PRIMARY KEY (`id`);

--
-- Index pour la table `session`
--
ALTER TABLE `session`
  ADD PRIMARY KEY (`id`),
  ADD KEY `FK11l9978e5j23gjytqhgwlqb0g` (`enseignant_id`),
  ADD KEY `FKjkchx9jq1p80gqt6kbgbhwa00` (`etudiant_id`),
  ADD KEY `FK7vcm9xoec4eqifbkryow1dv1y` (`module_id`);

--
-- Index pour la table `timeslot_module_salle`
--
ALTER TABLE `timeslot_module_salle`
  ADD PRIMARY KEY (`id`),
  ADD KEY `FKtk5g5pyfdkgvhshcmqgek2syh` (`module_id`);

--
-- AUTO_INCREMENT pour les tables déchargées
--

--
-- AUTO_INCREMENT pour la table `affectation_module_groupe_teacher`
--
ALTER TABLE `affectation_module_groupe_teacher`
  MODIFY `id` bigint(20) NOT NULL AUTO_INCREMENT, AUTO_INCREMENT=4;

--
-- AUTO_INCREMENT pour la table `classe`
--
ALTER TABLE `classe`
  MODIFY `id` bigint(20) NOT NULL AUTO_INCREMENT, AUTO_INCREMENT=9;

--
-- AUTO_INCREMENT pour la table `criteria`
--
ALTER TABLE `criteria`
  MODIFY `id` bigint(20) NOT NULL AUTO_INCREMENT, AUTO_INCREMENT=4;

--
-- AUTO_INCREMENT pour la table `filiere`
--
ALTER TABLE `filiere`
  MODIFY `id` bigint(20) NOT NULL AUTO_INCREMENT, AUTO_INCREMENT=4;

--
-- AUTO_INCREMENT pour la table `groupe`
--
ALTER TABLE `groupe`
  MODIFY `id` bigint(20) NOT NULL AUTO_INCREMENT, AUTO_INCREMENT=21;

--
-- AUTO_INCREMENT pour la table `module`
--
ALTER TABLE `module`
  MODIFY `id` bigint(20) NOT NULL AUTO_INCREMENT, AUTO_INCREMENT=70;

--
-- AUTO_INCREMENT pour la table `non_disponibilite`
--
ALTER TABLE `non_disponibilite`
  MODIFY `id` bigint(20) NOT NULL AUTO_INCREMENT;

--
-- AUTO_INCREMENT pour la table `person`
--
ALTER TABLE `person`
  MODIFY `id` bigint(20) NOT NULL AUTO_INCREMENT, AUTO_INCREMENT=33;

--
-- AUTO_INCREMENT pour la table `salle`
--
ALTER TABLE `salle`
  MODIFY `id` bigint(20) NOT NULL AUTO_INCREMENT, AUTO_INCREMENT=6;

--
-- AUTO_INCREMENT pour la table `semestre`
--
ALTER TABLE `semestre`
  MODIFY `id` bigint(20) NOT NULL AUTO_INCREMENT;

--
-- AUTO_INCREMENT pour la table `session`
--
ALTER TABLE `session`
  MODIFY `id` bigint(20) NOT NULL AUTO_INCREMENT, AUTO_INCREMENT=40;

--
-- AUTO_INCREMENT pour la table `timeslot_module_salle`
--
ALTER TABLE `timeslot_module_salle`
  MODIFY `id` bigint(20) NOT NULL AUTO_INCREMENT, AUTO_INCREMENT=575;

--
-- Contraintes pour les tables déchargées
--

--
-- Contraintes pour la table `affectation_module_groupe_teacher`
--
ALTER TABLE `affectation_module_groupe_teacher`
  ADD CONSTRAINT `FK5q43vr80v8a6idb81vp1l48w5` FOREIGN KEY (`groupe_id`) REFERENCES `groupe` (`id`),
  ADD CONSTRAINT `FK7uh73vmhtsfonfgrln4f6c1ss` FOREIGN KEY (`enseignant_id`) REFERENCES `person` (`id`),
  ADD CONSTRAINT `FKlht7chp1lfcnqjs0ujg6avujb` FOREIGN KEY (`module_id`) REFERENCES `module` (`id`);

--
-- Contraintes pour la table `classe`
--
ALTER TABLE `classe`
  ADD CONSTRAINT `FK5dlr7nj4ia58qex7s483y59l6` FOREIGN KEY (`filiere_id`) REFERENCES `filiere` (`id`),
  ADD CONSTRAINT `FKe7oa3v31ke22q1myu5slka3sn` FOREIGN KEY (`semestre_id`) REFERENCES `semestre` (`id`);

--
-- Contraintes pour la table `criteria`
--
ALTER TABLE `criteria`
  ADD CONSTRAINT `FK4n5r9qlha22r1hk82ntl07rqu` FOREIGN KEY (`etudiant_id`) REFERENCES `person` (`id`);

--
-- Contraintes pour la table `groupe`
--
ALTER TABLE `groupe`
  ADD CONSTRAINT `FKe2tx74u36ftkwm8kkcyoya51w` FOREIGN KEY (`classe_id`) REFERENCES `classe` (`id`);

--
-- Contraintes pour la table `module`
--
ALTER TABLE `module`
  ADD CONSTRAINT `FKjqbmwfl75ck7wgjg0455r0wia` FOREIGN KEY (`classe_id`) REFERENCES `classe` (`id`),
  ADD CONSTRAINT `FKkdtdv1a9pmrxwwv3cf6thgpv3` FOREIGN KEY (`filiere_id`) REFERENCES `filiere` (`id`),
  ADD CONSTRAINT `FKnwa6b5dj22vyr1tcfrxx8736b` FOREIGN KEY (`enseignant_id`) REFERENCES `person` (`id`);

--
-- Contraintes pour la table `non_disponibilite`
--
ALTER TABLE `non_disponibilite`
  ADD CONSTRAINT `FKlsms01hf9pkw9slehf5o10q8v` FOREIGN KEY (`enseignant_id`) REFERENCES `person` (`id`);

--
-- Contraintes pour la table `person`
--
ALTER TABLE `person`
  ADD CONSTRAINT `FK7b0yqwhuqerskhk65c3sn8x9c` FOREIGN KEY (`groupe_id`) REFERENCES `groupe` (`id`),
  ADD CONSTRAINT `FKrgn11m7897xqhfeo5ywtsssy4` FOREIGN KEY (`classe_id`) REFERENCES `classe` (`id`);

--
-- Contraintes pour la table `session`
--
ALTER TABLE `session`
  ADD CONSTRAINT `FK11l9978e5j23gjytqhgwlqb0g` FOREIGN KEY (`enseignant_id`) REFERENCES `person` (`id`),
  ADD CONSTRAINT `FK7vcm9xoec4eqifbkryow1dv1y` FOREIGN KEY (`module_id`) REFERENCES `module` (`id`),
  ADD CONSTRAINT `FKjkchx9jq1p80gqt6kbgbhwa00` FOREIGN KEY (`etudiant_id`) REFERENCES `person` (`id`);

--
-- Contraintes pour la table `timeslot_module_salle`
--
ALTER TABLE `timeslot_module_salle`
  ADD CONSTRAINT `FKtk5g5pyfdkgvhshcmqgek2syh` FOREIGN KEY (`module_id`) REFERENCES `module` (`id`);
COMMIT;

/*!40101 SET CHARACTER_SET_CLIENT=@OLD_CHARACTER_SET_CLIENT */;
/*!40101 SET CHARACTER_SET_RESULTS=@OLD_CHARACTER_SET_RESULTS */;
/*!40101 SET COLLATION_CONNECTION=@OLD_COLLATION_CONNECTION */;
